"","drift","bound","ter","sub","alpha","beta","resid_ddm","resid_ab"
"1",0.119087116999333,0.0520372204527684,0.14279523590229,1015841,4.00449701060381,0.112979307473401,0.00445788786886747,0.0057227398640541
"2",0.0982150016989052,0.0571031322380228,0.193289034155501,1030622,36.3130400407529,-7.28604883208842,0.00253716539475834,0.00100947513362872
"3",0.122428692104605,0.0497252982884338,0.151528066920435,1103437,14.1875849347298,-0.763639549277813,0.0025284301035503,0.00365153476331361
"4",0.0805085391267223,0.0786004219134619,0.133144527404206,1144714,6.90941792552636,-0.425032285708918,0.0117869261947403,0.0165841415119438
"5",0.0965194193309052,0.0514308918966827,0.319383622209387,1149809,13.1411636484359,-0.734197176610254,0.0033814091344022,0.00440827090480525
"6",0.0786686475573618,0.069432274088739,0.162137743319843,1171324,12.6757525682547,-0.887004270438374,0.00440488999793961,0.00367196263821799
"7",0.100215832799121,0.0555983111073194,0.314696132813871,1202074,4.34204378729933,-1.27058853420934,0.00406030479124367,0.00754988157955011
"8",0.0322608875902009,0.165198800109512,1.01039503570194,1211330,49.9613091815263,-9.73438706155866,0.0025644578819182,0.00644844769183393
"9",0.0537217355070727,0.0672291030426594,0.205662540848839,1218685,4.2026097946431,-0.774276030871638,0.00874304617568279,0.00993748994761446
"10",0.0938049377941853,0.057426936383173,0.218922593292733,1234928,9.70312022779242,-0.555574666278659,0.00370342548076923,0.00641630454882657
"11",0.09594082048549,0.0582936988885606,0.213420445737542,1236729,16.5089512250689,-0.935100171353652,0.00315629220942744,0.00284849247956777
"12",0.118223568445532,0.0577408145670091,0.15338270958247,1247914,30.5787671373114,-3.36051429652366,0.00833531741489435,0.0231541173507933
"13",0.0561995653976814,0.081497481035016,0.248158108149381,1249722,15.033650774555,-0.653887033539742,0.000977551020408163,0.000776303854875284
"14",0.0752146335196706,0.0667003768101449,0.22804155700128,1278536,10.4312279699235,0.59201759852712,0.00145085964149172,0.0021534534465886
"15",0.100780239427618,0.057196479511317,0.246426246935104,1302848,4.45786043206073,-0.160859490310598,0.00597479453309219,0.00564822233927216
"16",0.10697870088888,0.0444519607474682,0.0723665120334155,1337856,19.2703733395413,1.31230323701203,0.00897407174029733,0.00241569231487316
"17",0.102907948168802,0.0539632367139663,0.109549851629127,1338230,13.9904325491639,-1.24493390023606,0.00356169338841047,0.00340649723447455
"18",0.0635313232749357,0.0812149542454794,0.230338141951464,1358273,15.3131991943741,-1.95512699035754,0.00440443213296399,0.00491140312721778
"19",0.09225850936648,0.061245530530001,0.549538070706093,1358859,11.3631129661955,-0.844723421205298,0.00762837389253909,0.0107314383416231
"20",0.0447730358261313,0.115798720919574,0.10970108882663,1375808,16.2129255977371,-1.96186855325448,0.00194603174603175,0.00368820861678005
"21",0.103026870425862,0.0637158213085162,0.324116336638559,1401829,19.377324767605,-1.50010627065817,0.0075121359223301,0.00182592610048072
"22",0.0614156605271816,0.0800069498202198,0.709766243618094,1402278,13.8406454742894,-0.496634525841346,0.00508848240653831,0.00663080057690987
"23",0.0890296490224983,0.0598874306225861,0.210627661094629,1406218,19.6100616582936,-1.80581234314756,0.00310719036616957,0.0174324955074798
"24",0.0853566883631086,0.0683362675028536,0.174588632337176,1420903,14.0574781339064,-1.05548002389265,0.010396485260771,0.00677040816326531
"25",0.0533324445148313,0.0854147955111551,0.646913320479949,1453427,18.247096065536,-2.47872628463736,0.00123515411443114,0.0280296210764445
"26",0.0577836359320698,0.0973894929675938,0.371520341280428,1470813,16.0446359407555,-0.841019617910126,0.00418927977071006,0.00427826830621302
"27",0.118869483149178,0.0383154206795948,0.324205909453117,1490169,23.3688562429419,-2.66172370354296,0.00781509820581243,0.0278472076361175
"28",0.0865867004809284,0.0560787790274649,0.151587309873396,1501925,5.7594716844188,-0.0559190445197916,0.00199320070511206,0.00148920487629199
"29",0.0736600407183942,0.0642707096182909,0.235446623749986,1522632,20.5766681661758,-0.32859040617159,0.00388452645314897,0.00251447997985394
"30",0.0897877444158885,0.0586320046638059,0.222639518825112,1522727,18.7672696073578,-0.429510234459021,0.00790446647283716,0.00872335798173119
"31",0.0742088745168073,0.0574720925823879,0.304394480628773,1537747,14.3856775327463,1.95560009037371,0.00366823029708978,0.000222406992025145
"32",0.0948554767083802,0.0545219368968882,0.172996382344123,1563770,14.941507741371,-1.55249387438546,0.0010754043268221,0.0147349996499335
"33",0.0750003323300477,0.0645588588749253,0.343447207243175,1565631,13.5620307771349,-1.00297934172646,0.00837995925001717,0.00260605297497768
"34",0.0385963448377679,0.121060384056147,0.53680966140352,1585447,19.3670847952252,-1.80066434702575,0.00127471655328798,0.00433662131519274
"35",0.0851598363153408,0.0593170412858988,0.272722612855263,1592119,15.3605356605171,-0.250174115713868,0.00346109435385051,0.00418359411820153
"36",0.108416947867502,0.0501064455813081,0.161529421161107,1607852,0.19401742384688,0.736676025573499,0.00671871065222866,7.17684211326318e-05
"37",0.0990036767805474,0.0493355995363343,0.263961541628967,1614684,11.4330911662788,-0.595415009150523,0.00289718265427455,0.0059163046907229
"38",0.119998387096099,0.0429782303404036,0.195457137030041,1621875,2.37525926793546,0.278654621815646,0.00302891136228435,0.0020158239143967
"39",0.0736487471061209,0.0593728023313069,0.256790118308416,1644700,5.99034231681186,-0.265270647735939,0.0041733311760355,0.00845610669380698
"40",0.0923588498647609,0.0508927999543741,0.241076507947216,1793481,9.64623610665351,-0.420282144480286,0.00373127773668639,0.00530533468934911
"41",0.0798621314555643,0.0664696650353541,0.315817692261719,1794229,13.3052222160622,-0.503806899838148,0.0102502232091756,0.00873423227490213
"42",0.106554617685303,0.0502839858983328,0.146309336877395,1800251,12.4447073834395,-1.01939014683671,0.0127200613539067,0.0374138641514617
"43",0.0773675063412493,0.0642292806545988,0.129744509007283,1856311,20.8802813745075,-0.67001987928465,0.0029859410430839,0.00286746031746032
"44",0.0736156756237338,0.0742565616375085,0.639501535463181,1879145,30.3059592566898,-2.72148719991069,0.0145372716825697,0.0128612244897959
"45",0.0580288218865719,0.086361271762783,0.308750329499725,1901718,23.570250162911,-1.54117665025904,0.00392256235827664,0.00689909297052154
"46",0.0973504945495976,0.0485685108614343,0.250992464435178,1903812,10.6680079181987,-0.463271595218142,0.00379043412846708,0.0126927370234657
"47",0.0802136807289842,0.0685777048239756,0.311079483683292,1915475,11.4512403796502,-0.989651153626348,0.0167201814058957,0.00269172335601907
"48",0.0511501820807427,0.0749045691936394,0.274564519613605,1928077,28.4445884992216,-0.915852822811889,0.0107020408163265,0.00143015873015873
"49",0.073049924718426,0.055359140569872,0.312281228797932,1928497,11.293984159646,-0.720655645432954,0.00239367603550296,0.00341646634615385
"50",0.0619785515804621,0.0673524239498137,0.298874459153268,1942465,17.1651012432768,-1.50246136887029,0.0119209725052082,0.00688159611730501
"51",0.0987283637734419,0.0515822486876685,0.112252576205085,1945798,5.50126218311962,-0.230066395212854,0.00605078298209993,0.00641835185420563
"52",0.0957476833866745,0.0486137041921964,0.265224709179405,1948311,7.3384059073174,-0.556348939134792,0.00371625369822485,0.0130825859837378
"53",0.0623525846778871,0.0897768953565541,0.457887559414962,1994948,13.4164412810298,-1.09415530844609,0.00571417233560091,0.00425532879818594
"54",0.0634055955215364,0.0680328948659529,0.185794095616207,2027302,9.28080888258067,-1.03735906798379,0.00488482811734229,0.0099278862984067
"55",0.0279561028933159,0.158338937604522,0.18183892062637,2033735,22.5030318108878,-4.41365757147758,0.0060079974112426,0.000394092085798817
"56",0.0587498938472673,0.0840490833874898,1.21271770154352,2038127,15.4467474818812,-1.168979466761,0.00347342368319877,0.001972438485198
"57",0.0604806049790883,0.100989685121723,0.216432824402162,2039965,19.7729674130312,-3.82197495185638,0.00302946361118106,0.00551738742244912
"58",0.0677754795578515,0.0631223731590976,0.971139930002053,2056221,7.96379182346587,-1.10362297351605,0.0076986014994233,0.0102232265475117
"59",0.0681390549662009,0.0854469761026038,0.0629898226004669,2063202,16.3868084027069,-1.63259113996426,0.00348333333333333,0.00177823129251701
"60",0.0635678975786744,0.0827621099574271,0.29946695437917,2067867,14.6714149237105,-0.432306087540823,0.00600453514739229,0.00383253968253968
"61",0.14003781255524,0.0436353539525688,0.11717357299716,2088788,8.58692714333656,-0.457524464028098,0.00533870561571393,0.00614260204666644
"62",0.121129108550448,0.0544665132525689,0.166021095698646,2092376,10.6838959690329,-1.17549273440401,0.0111985760399258,0.0185695153499333
"63",0.0825704888044918,0.0578041765721724,0.171440186010105,2103405,17.7172568387703,-1.94872405540909,0.00652687074829932,0.00147471655328798
"64",0.100480739276785,0.057376537002228,0.260755855243687,2164880,67.6239024275794,-4.58629043400262,0.00151788839879577,0.00645102569488203
"65",0.106325176568404,0.0419689944876884,0.22623182903443,2174178,21.3057965220041,0.188938944595473,0.00454689724380966,0.00303355970967817
"66",0.0692156361563856,0.072901992503589,0.259543723490255,2176369,3.12970997692152,-0.170801566767528,0.000787069893088528,0.000777225796172727
"67",0.0370226894406595,0.134034119068133,0.412894912549654,2181955,16.009699773999,-4.89764202887301,0.00369751919531378,0.000287171229220215
"68",0.0817862736992538,0.0539076355825409,0.258263024297129,2187389,11.2664776249656,-0.690548659799164,0.010086496133254,0.00355645449137418
"69",0.13309611366189,0.0442020266951041,0.254048139241003,2233597,7.38152710775575,-0.46116322719602,0.00651899330756904,0.017089379715356
"70",0.119983936291932,0.0503415335858071,0.156516632660858,2237243,4.64934546589641,-0.0972573696288218,0.00530794184228337,0.00498646119633396
"71",0.0584477717262172,0.0693289887916967,0.200425347961739,2289793,15.6777246715327,-1.52283101088521,0.00290601881024061,0.00609652500641788
"72",0.0822360791409726,0.0554042757105252,0.177800987939995,2332563,10.5060797545989,-0.122722374357988,0.00418027615326749,0.00477759712684122
"73",0.0909732330966253,0.0550298966408537,0.295437766723893,2361280,14.4367500546059,-1.69489168366236,0.00995227426544377,0.00597668557025835
"74",0.0653898343289368,0.0710415454746356,0.485792535096151,2373859,17.6029374593932,-0.762532684892975,0.001643849728715,0.0060265332753371
"75",0.0947355577897158,0.0540699629906575,0.331122388014816,2389578,17.6560127569823,-1.19071344882191,0.00317492603550296,0.00328737518491124
"76",0.0744860213230537,0.0700889185011353,0.352834579347955,2390537,10.0261543368075,-0.615932881254028,0.00798696861155623,0.00163222264115374
"77",0.088322388401443,0.0449934581067527,0.134559308882204,2418629,6.15916651215163,-0.25398927518118,0.00933996763766566,0.00142613493282831
"78",0.0956605925012264,0.0509146676523638,0.193708472409542,2499786,9.46799694421103,-0.710966982769566,0.0188182203789236,0.0114606692148276
"79",0.0721994883616457,0.0653733700826604,0.302242192642142,2502033,7.01610330248302,0.263425423301783,0.00288435455086258,0.00228387864369449
"80",0.126655594364986,0.0568626757607048,0.217055662365055,2509024,5.82842961798171,0.339151869913331,0.011626987795858,0.0264536315828602
"81",0.114337409169485,0.0441540486114374,0.242078769344321,2544705,4.01637782091551,-0.347057258491836,0.000329684711481261,0.0091935752528757
"82",0.119409649078776,0.0471435795247651,0.263722942468094,2582107,11.0253376805342,-0.513919212882974,0.00426381012392355,0.00640365002683843
"83",0.096155858869369,0.0509591975051874,0.230282552922403,2611945,1.65429913440803,-0.403635123068453,0.00560575536274353,0.000161280066908287
"84",0.0623453527463786,0.0782898876145624,0.352706928358799,2683876,10.557372234462,-0.724049048823414,0.0015146338014893,0.00719707323970214
"85",0.0957528234597648,0.0636423594423001,0.120190425276922,2707225,8.32592500986136,-0.659418692587488,0.00595181405895692,0.00531417233560091
"86",0.0582905857442579,0.0728745897034742,0.259817024355799,2708830,7.72673705566854,-0.998183694411581,0.0103509011247266,0.00142074829933973
"87",0.0612947073971397,0.0970368170221664,0.317127963339439,2719197,14.6936410411429,-0.36296699196262,0.00491417233560091,0.00222324263038549
"88",0.0712643921226142,0.0672824750049636,0.689689257629677,2742997,9.58028876167744,-0.592523181678356,0.00282117787031529,0.00593896099942512
"89",0.0492552871841013,0.0810973736435968,0.321676537641821,2783450,13.3398862553877,-2.2813209306604,0.00321609977324263,0.00121848072563358
"90",0.104128029061895,0.0543400489308639,0.312226965882969,2788953,16.5020266374768,-1.10827980744444,0.00481682230029586,0.00582643768491124
"91",0.105676852831988,0.0497722334547707,0.0823891789241046,2826640,5.15738439979039,-0.155270403794872,0.0133050983265035,0.0113163570202447
"92",0.0898725080365903,0.0674882531659434,0.168733274466476,2864898,16.8607495885772,-0.45516925142037,0.0116955782312925,0.00519002267573696
"93",0.108424582072963,0.0522360521567142,0.213606080032358,2871904,11.6783830916682,-0.531977741390082,0.00242462397838877,0.014756301366727
"94",0.0480194482879499,0.0901198538959349,0.605709044443865,2898071,16.5895356448909,-1.26226974252603,0.00944041235207101,0.00322542991863905
"95",0.0817092089043578,0.0686134373725816,0.391894658536042,2911717,16.905646531193,-2.17399235032449,0.0132235291372027,0.0216238418632874
"96",0.102200824703547,0.0541276759067668,0.14669145971649,2918205,11.9132674490696,-0.786039786507983,0.00620567294704792,0.00568450813854994
"97",0.0758890189494936,0.0598850970306919,0.286771315434708,2960275,5.7709657342525,-0.396941666235498,0.00248768932763892,0.0108675795748159
"98",0.108987636925641,0.0469144780971916,0.140791109106754,2974545,8.9039239000529,-0.263861559799313,0.00366858327834857,0.0166438872655293
"99",0.0615634190080065,0.078927461362014,0.413859273431937,3023875,12.9028393955379,-1.53349240958511,0.00473407451923077,0.00513140255177515
"100",0.044461358086489,0.0950394993718547,0.198599262415613,3024544,7.86888921189253,0.0472910329613194,0.0225080698701953,0.00200979735356044
"101",0.102805666597301,0.0562823082117122,0.273728286457485,3067904,3.5531451244002,0.0150538151849798,0.0122630824704142,0.00676150784028669
"102",0.0609472517687099,0.0838836094859397,0.299402473013971,3087418,17.8566876152683,-1.51414007741696,0.00285040680473373,0.00419632951183432
"103",0.0732453283726864,0.067911888342174,0.324055776916823,3103518,15.9423061714405,-0.212824177198327,0.00542212968471148,0.00866460440214159
"104",0.0586391615076361,0.0562243535822825,0.302584816747711,3115717,4.58993494138882,-0.131954195899753,0.00794573801036503,0.00779561915684473
"105",0.0675366269786053,0.0624579990266614,0.307506557519767,3134127,15.214294071369,-0.133720975019907,0.0101592225452714,0.00360168036446052
"106",0.0981117121013145,0.0473153881529062,0.314356852478266,3169117,5.66041085436133,-0.249384072317503,0.00860085910077319,0.00821306746643416
"107",0.0977752123434234,0.0528448695214493,0.179226665796904,3176276,10.7381447172398,-1.33045835029081,0.00344259369422963,0.00477013682332945
"108",0.0704140482453623,0.0710490858700839,0.363397951095762,3215914,12.3840071167025,-1.54171256018518,0.000584693573865067,0.0225853345848309
"109",0.0592276691026929,0.0990371373038355,0.767340870053641,3229033,24.8327452411964,-0.625577864269956,0.009118820861678,0.00135022675736961
"110",0.115029812893982,0.0503004855754451,0.106529484413584,3238744,6.78648539476587,0.0948584040764393,0.00307777777777778,0.0181729015419701
"111",0.07628288828673,0.0461291190454187,0.264505898286998,3240562,8.74727829383603,-0.746369342285722,0.00203205898668639,0.00919517381657805
"112",0.0851414059470323,0.0540295185220162,0.0585247367537911,3246493,5.54449832961802,-0.415627714101625,0.0134862811791383,0.00316689247167533
"113",0.0991086477687792,0.0418938478252231,0.261917386209862,3282928,19.9701700477387,-1.01694280597609,0.00856807356510876,0.0190531388683432
"114",0.0734781849258542,0.0683344418559985,0.423977549543745,3289732,14.5542635354727,-0.499294400228325,0.00884875283446712,0.00734818594104308
"115",0.081126939706452,0.0601043243296241,0.258210634563945,3299290,7.7653686996784,-0.673522071889577,0.00730561205621302,0.00457528198965497
"116",0.0493444884032336,0.0862016420879917,0.1866338421283,3306482,5.59579314233254,0.696222986201037,0.00583560358050411,0.0916168592523465
"117",0.114970460405878,0.0447098056799609,0.0289109064025439,3314937,0.284166743396216,1.54292101147094,0.00613023969231474,0.000201572184782731
"118",0.0688165612735581,0.0650107153753901,0.153239100758204,3315400,21.7583356500832,-0.979233742597735,0.00632834467120181,0.00626802721088435
"119",0.0896780584281612,0.0543879189947106,0.284059772869779,3375908,14.8297428988831,0.478195492509466,0.00689677705430699,0.00495554155289505
"120",0.085538785032519,0.0650166252571896,0.304382773325109,3412057,9.48535851117433,-0.812407678093331,0.0105250566607907,0.00518314599024748
"121",0.103145626313712,0.0550111886257585,0.405836047021112,3428201,2.18636850482282,-0.492937856072597,0.00453101886094674,0.00147039108733811
"122",0.0968878804782117,0.0455909515553582,0.221351007079846,3439468,19.6044960338622,2.76934496611357,0.0038035086908284,9.61538461738462e-05
"123",0.108595427159886,0.0621228110715386,0.186696357904447,3439988,12.9090467590499,-0.10198702888075,0.00407336353550296,0.00805600499260355
"124",0.125076514724713,0.0488752992789034,0.063265477854057,3445623,10.5576925628334,-0.715486459450916,0.00503127260846227,0.00314978179188379
"125",0.0922750744092252,0.0502308597043581,0.240647444774956,3456567,3.93156170545225,0.0461235853479977,0.00704649354321802,0.0109997281648158
"126",0.109819623227446,0.0510418590274016,0.312779076158947,3460030,10.6842070311985,-1.29578377763407,0.00374595506656805,0.0100255408653946
"127",0.0456362439634648,0.0931510515382288,0.341396116671762,3482727,28.2829433952805,-1.12773536698038,0.0122146588387574,0.00112795857988166
"128",0.0911906032738469,0.0563257072142775,0.253605514078929,3493358,12.163892294866,-0.954174736059091,0.00172466101892693,0.00693050012836772
"129",0.169610525206219,0.0424945955493191,0.0826791926095328,3515902,14.2513065234202,-0.935134344598384,0.00538928721000405,0.0164654372397383
"130",0.0946334886723009,0.0524795720417252,0.221966050110275,3526461,17.1362673421719,-1.07150461661463,0.00119406434911243,0.00662768121301775
"131",0.0679303935478465,0.0836314732406205,0.308907437348093,3529878,20.2445835860789,-1.78727284119118,0.000821066367528217,0.00722579611272636
"132",0.0791102688437767,0.0612178976325574,0.037881164975464,3541209,6.31762080582329,-0.0945094318497116,0.0105831638313609,0.00368042714498041
"133",0.120024240416048,0.0547644242249912,0.234094066363313,3544214,20.512349095576,-0.876437150071429,0.00786937977189179,0.00638926854557451
"134",0.0951462316063435,0.0614066059726525,0.265469607541929,3551698,13.5180647154525,-1.10929661129749,0.00532142121288432,0.00610997916714361
"135",0.0973284249494316,0.0484773315710739,0.208946848089915,3563729,4.35866768337688,-0.145578044212805,0.00333085323138207,0.0106525720565405
"136",0.144786017720271,0.0507506646932479,0.122141661343546,3585574,9.44410722099132,-0.464311438829361,0.00617511045992537,0.011299762285672
"137",0.0851861369586784,0.0622949421531271,0.219619621548894,3606020,9.77188946765088,-0.666974685835977,0.00502286598801439,0.00932868911759901
"138",0.0738318322433593,0.0758706636383924,0.285515841912478,3614094,28.6932744869646,-1.96361182242099,0.00606924926035503,0.00631321653106509
"139",0.0962947031253102,0.0575789387914692,0.186753188031008,3673924,5.88969230721513,-0.393543556482437,0.00339797894933371,0.0050325552195117
"140",0.0719175227869907,0.0637501110413527,0.123895673633279,3678824,16.7154945333619,-0.752633235792,0.0068913257480369,0.00382248574895263
"141",0.094351891315733,0.0493385018597097,0.0869481670044617,3682043,8.44504977566112,-0.445290834514454,0.00193184096106858,0.00587269064352922
"142",0.120203107164889,0.0371111820726067,0.0599704418132367,3706366,11.9032794096927,-0.853549990409983,0.00536161704881657,0.00408780972633136
"143",0.0621056914030469,0.0674343420222482,0.00799962039208974,3714015,14.0236525476861,-0.161383460879935,0.0151167555687828,0.00691547812550079
"144",0.070450047163817,0.0553692811998333,0.291055133947273,3714249,16.7326518127785,-0.253036711053345,0.000578117913832199,0.00163344671201814
"145",0.0781833130861944,0.0710040809577234,0.479233943638269,3736552,30.9986054128914,-2.18036716571415,0.00897120181405896,0.0171835600907029
"146",0.107085075757294,0.0659031217120695,0.288239389669336,3746623,19.4563060509307,-1.49528199291575,0.00897432045118343,0.0035376987795858
"147",0.0551858156551533,0.0984938182290065,0.207833553044479,3749214,44.3398837631178,-0.26419529900748,0.00708968253968254,0.00164705215419501
"148",0.127011808595831,0.0432806658527101,0.260156283819473,3756941,14.3595082631837,-0.961254335074989,0.00498774963017751,0.0156752727440828
"149",0.082457952184317,0.0605179800819361,0.182676930918774,3757159,13.4295723702217,-1.04839433673024,0.00344339404585799,0.00889168823964497
"150",0.120472625059457,0.051886816147862,0.0474814043205829,3777686,5.10295430730217,-0.396763000885834,0.00155556582840237,0.00592905861688391
"151",0.108186392707175,0.053618203548147,0.169311547894147,3809082,6.41587444717314,-0.279289381578458,0.00327176870748299,0.0117715400453715
"152",0.0841852310204335,0.0522027147800438,0.224979415097237,3810457,11.3539810036983,-0.738048354231798,0.00402222934456629,0.00234392527643598
"153",0.0679573725606964,0.0836593679077497,0.212382673064871,3818385,19.6749333453091,-1.6919620153515,0.00437466451959206,0.00455436532941259
"154",0.0820660866960822,0.0581135065944003,0.266854618942036,3818457,12.7222569172938,-0.663733940042896,0.00657116366383554,0.00480185893180101
"155",0.128788137319753,0.0436506545995261,0.207645900136157,3829830,7.46971037060569,-0.341355556284405,0.00232373456499199,0.0220118531435774
"156",0.123766288277314,0.0498317655447247,0.323112557613786,3851531,8.37293165475935,-0.994871241665784,0.00464254345414201,0.00853665865385616
"157",0.0736138929568017,0.0687982346270382,0.390069965743957,3855628,11.4125041128367,-1.84926825171257,0.00209199747952111,0.00428551424772706
"158",0.114742059972954,0.0482340077190845,0.095476996024211,3860953,12.0126315994916,-1.03131811226041,0.00155660076184432,0.00595911150148929
"159",0.102207408936397,0.0449420188502857,0.473579484912435,3864799,12.8298367055234,-0.646666876715711,0.0124170370939868,0.00721144782731643
"160",0.112208283578923,0.0550274361912309,0.279324809706031,3868918,18.7705729094018,-0.577920339601213,0.0136621671597633,0.00521796412721894
"161",0.0723784008183667,0.0700991554399805,0.484360730103853,3871360,10.0050064775911,-1.42575387296796,0.00638503401360544,0.00138299319728891
"162",0.121932190340917,0.0404094961324204,0.209184945649503,3887259,12.6520032203332,-0.787265277904959,0.00761147618429501,0.00939893579780158
"163",0.0901471080144375,0.0742105245651754,0.2094095755588,3916200,4.8338570098407,-0.4847470721327,0.00311020710059172,0.00261787610950746
"164",0.0844703671140581,0.0711747935042478,0.277727887762609,3916717,6.58453266211865,-0.377004153970373,0.00645829994734553,0.00220587802937915
"165",0.0844503101000802,0.0462530896284959,0.339678425761797,3920982,6.75716554472326,-0.18477891366732,0.00105747478555943,0.00888831624095751
"166",0.10500307233562,0.0546779422232219,0.0535393426064911,3957039,3.0733013551356,0.0250732974047743,0.00462647928994083,0.000759055843245267
"167",0.111026561069203,0.0384458042009877,0.299169998583974,3957389,18.7796390225095,-0.7033526997567,0.00974671202616379,0.0161741878123799
"168",0.0733179056699315,0.063024155388817,0.476738859583612,3959933,4.16927464348453,-0.626322715517818,0.0013587248243833,0.00311780615189552
"169",0.0433918850395594,0.119575224630641,0.283203117775423,3968063,25.4577632971916,-2.53510962025061,0.011341315446075,0.00217359950550583
"170",0.0900325632198888,0.0603106244179656,0.321437640477388,3976023,9.37088522437945,-1.57154170962613,0.00237666262219271,0.00837789885764689
"171",0.103279548602437,0.043453233498692,0.539138354063034,3984570,15.4831528452791,-0.882638819951712,0.0136603025079465,0.0129997732426304
"172",0.11117513207132,0.0466449653972986,0.116636037401999,4041949,11.3470989158397,-0.242447907438096,0.00702090153613699,0.0286060300817289
"173",0.106749245739,0.0517894811515708,0.162661136258817,4045040,24.0520175168211,-1.82092822917816,0.00457146819526627,0.00857826368343195
"174",0.100784891968183,0.0523069893416843,0.256063499423716,4048436,17.7413288006665,-1.26097513126037,0.00356035040680473,0.0159699750369822
"175",0.0952356966287346,0.0664278948001053,0.194278592749385,4086833,10.2768534013751,-0.284845300166753,0.00501260239445495,0.00450033839762888
"176",0.0590844383698539,0.0891157245340127,0.298506914767417,4106651,15.745166545912,-0.484463584802076,0.00645097540680473,0.00249121671597633
"177",0.103921655866229,0.0400971891683886,0.426283580202721,4108249,19.4491803631839,-2.33492622095611,0.00833657063415634,0.0548431885782272
"178",0.0905501670033496,0.0543359852604107,0.343836554162786,4117354,18.0465468877718,-1.4025721200794,0.00241958746365697,0.00635299100295323
"179",0.0689869799403873,0.0643882831297928,0.218457262789711,4131778,6.76867932497168,-0.397623184638726,0.00884754068047337,0.00465190458579882
"180",0.0661241555553524,0.0758075445260729,0.28302793646592,4150553,21.3333928334499,-2.40534995101187,0.00426194310252281,0.00268069266493967
"181",0.106443412826054,0.0483081875358306,0.209656272586118,4190771,5.5296361348792,-0.347620907167469,0.00459511271809556,0.0198005280254513
"182",0.106783442707353,0.0571811542741383,0.2833792157349,4198516,12.4391511284768,-0.482936626155692,0.00803011741863905,0.00595298631656805
"183",0.0631284291078101,0.071065251068635,0.249759427300172,4210304,10.7159132085081,-0.543146510034153,0.00609814164201183,0.00439406897189349
"184",0.093511029783044,0.0476514867020151,0.175569057254484,4263727,22.7693198475938,-0.44357474856965,0.00297852613264348,0.0171676472608228
"185",0.108295916056618,0.0470191700850058,0.173838386471658,4271772,4.24755400337972,0.0669262248809221,0.00617083487426035,0.0147192720044779
"186",0.040820169943221,0.114247458923987,0.343850399927118,4313302,22.3021574202533,-4.9669915827827,0.00535997732426304,0.000827324263038548
"187",0.0784037235026589,0.0636630350474684,0.475353019420705,4334895,14.732153474228,-0.0608186194170452,0.0117507289708607,0.00207067221891731
"188",0.0743619798743294,0.0788963611011449,0.341054127871147,4338046,9.13285845762759,-2.02213374510167,0.00928790549666903,0.00465866166070627
"189",0.100348830111966,0.0609920266125947,0.637919865993323,4370901,9.7020921338492,0.409415119050655,0.00517308417381468,0.00862805165428582
"190",0.0832002330933679,0.0584232745221893,0.0893495244164387,4377889,5.06618531532885,0.165034155184278,0.00828044101331361,0.00263394508139094
"191",0.0944587915756636,0.0635422522714266,0.242426648881116,4407157,6.66326489878136,0.316224575243545,0.0174002426684371,0.00570842871274262
"192",0.0937980136162382,0.0620363701743158,0.19219852556502,4442784,18.9393904992954,-1.63233236580222,0.00744455782312925,0.0034765306122449
"193",0.059532123931049,0.0667031068225668,0.15736710594852,4445834,9.36379835218978,-0.70447697435447,0.00650275055473373,0.00584019045858988
"194",0.0732984011570483,0.076389359973694,0.241725203579489,4480015,15.4168134151805,-1.09474944635039,0.00531169101331361,0.00322161612426036
"195",0.0861778138775271,0.0592671344632556,0.837720811724655,4492789,6.47658713484125,0.928516515251014,0.00312376018110108,0.00948948440339997
"196",0.0935956179182891,0.0487532008654474,0.0970358965662992,4540991,8.98184464379038,0.1344801269496,0.0036375283446712,0.00435804988663131
"197",0.105322075857557,0.0604270633067295,0.279813898963629,4585298,14.2990440601652,-0.967472243488995,0.0102453011606877,0.00715368237906641
"198",0.138272793019284,0.0429688006259251,0.214021059978832,4605292,7.41254717085444,0.36210813869712,0.0033954117949077,0.0122911853252318
"199",0.0857277437775144,0.0593284641459525,0.366510317552345,4607421,10.7436802168193,0.785438532666862,0.00965991523912998,0.00505574410386378
"200",0.0983079867752392,0.0526859461945039,0.232256420475513,4612402,7.72078069193723,-0.107784442966346,0.00580768686963899,0.0109397681214164
"201",0.0936219640313769,0.0559859391881165,0.192148325647047,4625900,15.456447226502,-0.736015517506952,0.00584146172337278,0.00345934264053254
"202",0.124860973467491,0.0449758565645494,0.254908691731745,4633712,6.76249454515363,0.282275115895566,0.00554552031552662,0.00758384092979666
"203",0.129645152030236,0.0353836977951549,0.0647919033805224,4635684,11.7875980408306,-0.184007569177802,0.00312275359996337,0.00559888738810925
"204",0.0705016214984631,0.0673325304451749,0.181137943008472,4680479,9.75844780470858,-0.609737028791769,0.000714104105029586,0.00552318324704142
"205",0.0698328677713378,0.0590217671730449,0.12377852775458,4695663,9.67916027710435,-0.880329968323267,0.00584784580498866,0.00226507936507937
"206",0.0607503375803144,0.0517955495107765,0.465855584104003,4731935,11.5445561947692,-1.01500562042984,0.00740097603961396,0.0167003234976963
"207",0.0572997238875458,0.0870470110889116,0.189175183260347,4741922,11.8886906801979,-1.80447114606048,0.00661859410430839,0.000210770975056689
"208",0.0453266277486874,0.118749048752072,0.492341582803119,4749548,23.0917540818227,-1.95311521675492,0.0051656462585034,0.00184115646258503
"209",0.0724377584042326,0.0568660561876691,0.338713333458193,4756585,5.3867056884428,-0.644605554033745,0.0156787868790649,0.00316606086345785
"210",0.0795855731902495,0.0689511798513568,0.206649932395152,4759432,10.700769905832,-0.668362858092725,0.00764382683546622,0.0293166365238891
"211",0.06597749806993,0.0707519435843931,0.18411492882338,4762460,10.004415156269,-0.416595508079431,0.005159410430839,0.0012733560090703
"212",0.0909852159015509,0.0597387907878095,0.10117405766832,4776743,13.9820518470047,-0.730835209202125,0.00349817400147929,0.00646264792899408
"213",0.0503453895149549,0.0964950561234902,0.435907886468593,4780712,9.88504411636084,-2.4193732591716,0.00862176870748299,0.00367062825399825
"214",0.0843617782147544,0.0602928531926795,0.0794788395091496,4784881,6.56152334749091,-0.217409785358359,0.00338140589569161,0.00661212866216152
"215",0.0874328476123003,0.0601185964063562,0.109628861395088,4786000,9.69545710137124,-0.725845871663918,0.00365799775646162,0.00384434880154843
"216",0.0917190568307223,0.0619585663673115,0.317405679724117,4796625,19.0488880355798,-1.61485524116409,0.00749183673469388,0.00476768707482993
"217",0.125461872368593,0.0350053946841555,0.224812899858959,4819462,26.9252289074932,2.99483453309845,0.00971490916989561,0.00255443534272512
"218",0.122759001736354,0.0469960841336542,0.298297851925521,4837927,8.32640465045269,0.145395605906687,0.00918659741627794,0.0271654724021986
"219",0.0864703954100541,0.0647606433913972,0.259232040303018,4919317,13.9876876972542,-2.63842526860879,0.00762157914201183,0.00105353180474373
"220",0.0774058284940902,0.0613792661339224,0.245323788270886,4923213,15.4997134038594,-1.57363798676761,0.0012202947845805,0.00369716553287982
"221",0.0588646847779946,0.0788659866799906,0.251215776961806,4932836,13.7891060436367,-1.38498478504438,0.00336111111111111,0.005340589569161
"222",0.0682628865716712,0.0820881432555251,0.396648035034069,4953467,15.9071197583657,-2.0552331772417,0.00230649481467915,0.0037874590783178
"223",0.0979564787549763,0.0666304251066375,0.19312388234533,4953788,7.34730371533122,-0.706137492075372,0.00475612244897959,0.0056218820861778
"224",0.0971134308884108,0.0651284848198135,0.30620175917166,4955100,19.5436504394627,-1.88565169452099,0.0018496600352556,0.00613790893065635
"225",0.0634702038346395,0.0809955938422912,1.19282008133972,4956655,8.64640973855193,-0.427007757524399,0.00818245466638661,0.00421748079071356
"226",0.0955215667494513,0.0595989633638418,0.12907227644396,4962699,14.390366304601,-2.14985135476837,0.00340883875739645,0.00507604474853071
"227",0.0824073219527318,0.0549310502793707,0.222230974387021,4988800,15.1455397246401,-1.21179615131265,0.00448502218934911,0.0069467686760355
"228",0.0522963591399622,0.0959771268363412,0.178696744057171,4996879,21.9486198678599,-1.31688417002123,0.0122722694077517,0.0022268263089215
"229",0.0309098919120663,0.0965881052032725,0.0456624962587288,5022294,11.3286078112389,-1.24021058994598,0.00924901844140393,0.00257453896490184
"230",0.0669368611225341,0.0663557101671522,0.345531900075954,5024539,10.0594587594599,-0.149402700063203,0.00477414965986395,0.00410861678004535
"231",0.0722968363372424,0.0859782870911667,0.119241886294232,5063038,11.0215441756547,0.193769085871356,0.00311780045351474,0.00290226566894424
"232",0.100065891639737,0.0599932679693147,0.33376408863965,5083485,20.1180619513868,-2.32546752895031,0.00512156315102676,0.00484341017833841
"233",0.0563210149690526,0.0888697057781502,0.458820014076117,5138165,17.4059953979751,-0.801195574371544,0.00299931972789116,0.00425396825396825
"234",0.0834025024476956,0.0606933611785327,0.395482313684809,5154428,7.468205027451,-0.635338306371772,0.00550876614195494,0.00768675181451713
"235",0.107026716576651,0.0580475151487598,0.196331586779953,5189297,13.0393369929932,-0.980730488142429,0.00621035965236686,0.00534578402366864
"236",0.0885930695302758,0.0648744804160066,0.216646893892277,5194766,10.3009536836326,-2.50916598263364,0.0072486362795858,0.014333163831391
"237",0.0625443447308188,0.0674509939561448,0.145358768579208,5197442,13.8283628786164,-0.575940410217017,0.0048265306122449,0.00182256235827664
"238",0.0805492561130158,0.070627465540256,0.386400585252938,5237407,10.24018672072,-1.0273201401935,0.0057322224555999,0.00342120002801532
"239",0.0731274187180373,0.0711049968599932,0.482886388028309,5240898,15.1212736463751,-1.49576613897463,0.00748520710059172,0.00271010539940828
"240",0.040355618869093,0.0963860050709233,0.373516740780121,5242754,15.0452352422172,-1.28146568078462,0.00429259861266912,0.00177422678052242
"241",0.0981054188609677,0.0518308267728804,0.191726101017001,5255176,11.18950622934,-0.605365256403734,0.00452927722934024,0.00613328199024481
"242",0.0427677515033726,0.0812260635426117,0.166396858645844,5268604,16.7052298547268,-1.38655155940125,0.014056225819006,0.00390398571461276
"243",0.0800702983815388,0.0767800390158497,0.363459681282849,5288287,15.7864772319824,-0.961866794679001,0.00817008564960676,0.00168031926065953
"244",0.10226675727881,0.055099169507991,0.0601099134272712,5324329,19.8965096168707,-1.15085316385691,0.00326224489795918,0.00498367346938776
"245",0.101118480604996,0.0534955788921002,0.292405453288476,5327073,8.34022460588815,0.434550825342585,0.00728628117913832,0.00297482993198279
"246",0.0900293645408963,0.0578375443465201,0.301104990651682,5328202,13.9574358844972,-0.240005780315393,0.00206441845414201,0.00123717178254438
"247",0.0817929335791275,0.0608259808178726,0.296084105982617,5369983,33.6573743798024,-1.53033857066884,0.00563367346938776,0.0201638321995465
"248",0.0962560401294565,0.050712618186344,0.203621848486653,5430957,8.69239629281552,-0.270934204406615,0.000921567729676519,0.0100112176919127
"249",0.0658968330561347,0.0668392602395684,0.103566353055527,5500382,7.16558598526334,-0.306557224750633,0.00818307156888434,0.00976614546371276
"250",0.0550933305252438,0.0999260896544948,0.307114893784468,5510753,24.5874006104331,-3.67466133710583,0.00222698412698413,0.00302244897959184
"251",0.073526837716831,0.0580203464598656,0.291282661324043,5522952,4.32425544993358,0.0571722656476384,0.00628385339163481,0.00520466373027596
"252",0.0757679730136022,0.0629176350466179,0.251221973597383,5559534,10.1996814628507,-0.217926342991679,0.00756053328105088,0.011103690814626
"253",0.0847640435132938,0.0567467081497114,0.0605614239621165,5590798,11.2758795104893,-0.829016139883675,0.00277585034013605,0.00444557823129252
"254",0.0848246860265234,0.0580735819598938,0.22681599568217,5606197,13.3712443938017,-1.24297053389311,0.00184287167159763,0.00679236778846154
"255",0.0864782251931701,0.0599372945625167,0.256413008396195,5609244,14.4089942179552,-0.737027606663708,0.00622399685650888,0.00622700166420119
"256",0.0842277630946897,0.0608258909108325,0.343102424758859,5628294,14.8601777493554,-1.00193463104745,0.011117444984137,0.0117334467120181
"257",0.0706048287866734,0.0758483777539982,0.116455822864766,5654896,13.0461576026661,-0.687392747392811,0.00361065759637188,0.00584557823129252
"258",0.0571140929041509,0.0842267817951756,0.181920970594339,5706238,14.1670872876062,-1.10228538913665,0.00470376136077471,0.0159220255946521
"259",0.0606800593599247,0.0801308108890528,0.260646096649668,5729227,12.4848353259939,-0.37560045446694,0.00978333333333333,0.00216292517006803
"260",0.0820800869423425,0.068288273426247,0.101332988424231,5743414,6.42877079117829,-0.0955955802407281,0.00290435200659325,0.00470215787644224
"261",0.0851037478401924,0.0615176906011101,0.381147828829641,5751937,20.1536670325142,-0.721059872908094,0.00340548724112426,0.0036378975591716
"262",0.090025217094399,0.0591244400538653,0.298077892200989,5767094,10.0873229687092,-0.90458128216167,0.00236316568047337,0.00338283561391532
"263",0.0920639490713252,0.0630071691464393,0.325664015440273,5786443,18.0483665979968,-1.09514375691074,0.00455379866151381,0.0156956357809407
"264",0.0909633079448485,0.0588648048260575,0.202587947759483,5794945,15.5747934651754,-0.967387755747393,0.00468564027165161,0.00530642488739527
"265",0.0822365964295881,0.0606462338924865,0.0708635898317828,5798700,9.86610104145952,-0.402588462151215,0.00263548752834467,0.00123650793650794
"266",0.0787517767037906,0.0675497272331457,0.390803565569377,5804230,12.7703623176495,-1.7331965098351,0.00478579507964935,0.00588380148931154
"267",0.0505295796028664,0.0762971004867265,0.0362008584487762,5818384,11.6057310117414,-0.272348149733638,0.0300916007374735,0.00590678895656841
"268",0.076232331653726,0.0616987197439333,0.205024304414849,5835648,6.67854399479858,-0.196594207304804,0.00919102117335966,0.0094369176818992
"269",0.0932712980675309,0.0546082569192968,0.297857065184684,5856506,10.5933937354313,-0.481582815586585,0.00389186068432463,0.00867388538033745
"270",0.0656401936124579,0.0854451486879119,0.438317535847459,5876708,13.7364206219222,-2.0074609884139,0.00636287923854848,0.0204999405116102
"271",0.114170798272075,0.0462980387600177,0.172208079253141,5890990,4.23064964463501,-0.153212025130328,0.00377144405693279,0.0055976058064308
"272",0.0770352688122602,0.0533328084932853,0.287779559995308,5891424,16.6176422443175,-0.592438521817496,0.00437719582100592,0.0132249676405325
"273",0.0761810545506274,0.0571406932399294,0.286877645675063,5892790,13.971865185778,0.407067723426743,0.00953755637462512,0.00870687484260891
"274",0.101749119974345,0.0503640756329614,0.109129490899316,5895209,4.08403338528684,-0.163344590739884,0.00322450536242604,0.00632003224856071
"275",0.0770763365626271,0.0617129489040555,0.376859444287665,5905037,18.0184878936393,-0.902406182528684,0.0021686620457887,0.0064670120656258
"276",0.088389880627752,0.0590644667975851,0.224897548295634,5949798,2.803838823877,-0.336526501685684,0.00315543684354741,0.00174410240369812
"277",0.101184356823127,0.0608895008898565,0.331334595099891,5964964,8.16230339772778,-0.707047085176558,0.0020528376181864,0.00472779927200469
"278",0.123377065524974,0.0485023968136706,0.166062393290194,5987175,13.5855334172512,-0.418518020013951,0.00215092534248174,0.00458412098298677
"279",0.0749371232068729,0.073068690557058,0.446657383916691,5992061,19.6316259494163,-1.77170079346677,0.00321627252123349,0.0119020855749639
"280",0.0902909635276717,0.0527299823354496,0.181338462409726,6006295,3.27950742394179,-0.594679196434775,0.00421678531804734,0.00140266446011917
"281",0.0755028261337429,0.0695964725387563,0.128606360471819,6008943,16.8969537967499,-1.27850862682454,0.00341371882086168,0.00485918367346939
"282",0.0920848277016287,0.042386761187826,0.277546020609177,6041990,11.716997091525,0.170505312928928,0.00809056028106509,0.0046157313239745
"283",0.0766935885208608,0.066282321013342,0.247663395085948,6044286,13.6400839203386,-1.09765664643491,0.00780753343135196,0.00519848771266541
"284",0.0860857121472059,0.0596069838421021,0.29331867195608,6048647,8.52911753245926,-1.21499474977272,0.00497936507936508,0.00669705215420501
"285",0.0864636882717098,0.0536491946422401,0.213077748214085,6049236,10.9273425242172,-0.513658144916963,0.00902926556045648,0.0158498448038461
"286",0.0658730235890288,0.0545008233267214,0.00111710983526308,6107697,9.95114480705489,0.811656956387485,0.00912040816326531,0.0020969387755302
"287",0.0796411669140888,0.0652443530745647,0.223225067469259,6118185,18.8102891121852,-1.20933440590543,0.0039009078391561,0.0231304114448412
"288",0.0772028936774826,0.0625986071681716,1.02403395391012,6124521,14.6245694884211,-1.87419404070934,0.00339417004430201,0.037652582712801
"289",0.0567656613868725,0.079138217633122,0.157907943285996,6151850,11.4805853703727,-0.0739954177365213,0.0113662690872462,0.00266111123829583
"290",0.0751070297972929,0.0713286093306854,0.253974370097648,6171553,9.28391831056427,-0.354631747258863,0.00443035780325444,0.0072681675295958
"291",0.0875730488575984,0.0705835532194272,0.371640227036384,6183003,17.2974023034825,-1.03373841844142,0.00517538332283134,0.00563350369903615
"292",0.101197667018483,0.0516832965199868,0.253776543355581,6269476,8.09675727504069,-2.2295452396122,0.0074507673816568,0.00862298428259438
"293",0.0868091695029042,0.0538179956910154,0.376214133377683,6278641,13.2067099233867,-1.67729228094244,0.00947560863039549,0.0150848063038649
"294",0.078650885303546,0.055777062731972,0.0910554691310728,6286366,18.4809122249678,-0.523592117390596,0.00160510204081633,0.00531496598639456
"295",0.0928951327963109,0.0557413151828302,0.192197501672635,6298907,7.57394823295451,-0.0655919880504873,0.00154793823964497,0.00271646172338278
"296",0.0794836074166003,0.0600440407470803,0.301430103381933,6320971,14.4569458019642,-0.614896910353474,0.00411500384467512,0.00628820645905421
"297",0.0838329638396238,0.0458502613267733,0.306841129100826,6325123,38.8345074397312,-7.1394762955606,0.00927792980368828,0.0113023200476007
"298",0.0990252831702874,0.0487950854547115,0.353015471093085,6375974,6.58340912220651,-0.255163834108535,0.00842902609295996,0.0168672795833926
"299",0.055286419416726,0.0961512527565936,0.166943873447046,6384116,16.5255271542895,-0.659339569609424,0.0099249433106576,0.00348662131519274
"300",0.0675296449478065,0.0761694491174991,0.597699615996954,6390596,26.8011136539386,-3.98313846307719,0.00450961447827316,0.00437258459798284
"301",0.0931866635196047,0.0556449654180781,0.190597593930948,6424098,10.8282209100075,-0.674202790430377,0.00703552008214894,0.0107603444654484
"302",0.0857157364086569,0.0606206787565116,0.00246281761560757,6424214,4.44112357613171,-0.0756969450968532,0.00849332008136095,0.0208909100961838
"303",0.0899747432978652,0.0568833671992363,0.380287442961087,6460441,7.03829261427513,-1.29208572580532,0.00346661019665301,0.00920812252469748
"304",0.0581468722426264,0.0795668213890661,0.182976913650307,6515434,17.3435251762566,-2.12407817136491,0.0116910430839002,0.00295963718820862
"305",0.0953168878620899,0.0467745760806253,0.176439591964589,6555194,10.2949837697179,-0.0448057863749334,0.0052501808676982,0.00195430368504349
"306",0.0975651930051973,0.047385107819944,0.122291315441725,6560265,18.9089365767214,0.856057845725083,0.0055845747845905,0.00599773242630385
"307",0.0762553936281684,0.0638145998694024,0.203369485469731,6562864,9.71965098271375,-0.695986573726852,0.00662290835258699,0.00385819972461434
"308",0.0665238944361795,0.054832719108668,0.184147407629347,6578545,20.1698916434118,-3.97174645197768,0.0112291246077198,0.000293877551040408
"309",0.0957762600401605,0.0559003535328979,0.219918946464179,6582827,1.88110123520613,0.183540246526106,0.00191383219954648,0.000180836145194717
"310",0.0739554984238682,0.0747330432128111,0.208816211398942,6615198,12.6174107294401,-1.10458571483381,0.00801763590976331,0.00448698687130178
"311",0.0783824096767739,0.064502756715057,0.240213148322157,6619760,7.82331094614425,-0.348577641309295,0.00487099654311944,0.00378036217121571
"312",0.0852795284941133,0.0593106495498851,0.251253385296551,6632155,14.1047081127116,-1.077003663238,0.00521851605961402,0.0172823424372153
"313",0.113942996009795,0.0494221441952742,0.186970863559729,6634578,10.3406703823236,-0.504360260720489,0.00657186113165681,0.0111061159393491
"314",0.0488530702593124,0.0959702108276736,0.0824383096307533,6641007,10.7281616767035,0.645618716856589,0.00353854875283447,0.00736052612246898
"315",0.122266804283518,0.0411218838153939,0.223750129040805,6670547,9.07854693273101,0.204837889436737,0.0097206823648926,0.0152419816396245
"316",0.0705363508018973,0.0593608392118384,0.415462015060768,6674037,16.2826033548176,0.272973210912012,0.000787641723356009,0.00575986394557823
"317",0.0918303383738722,0.0547108371224347,0.347473523097136,6676262,9.00947770720822,-0.537361021288181,0.00637996041097182,0.00648505985485023
"318",0.110647467157563,0.0553025205247104,0.272625037858643,6678262,12.473213650898,0.40086562327394,0.0065905855445868,0.00827043804989615
"319",0.12515686218589,0.0533382461763333,0.259825724808975,6684731,18.8429721081436,-2.48425598155852,0.0063773682722217,0.0122753087001602
"320",0.0987742791189697,0.0524892394593263,0.405435681657152,6690047,4.91944549695979,0.0228827876650303,0.00500046227810651,0.0126400481509376
"321",0.0884433124526382,0.057487621430617,0.149325308369478,6706684,16.4802590534159,-2.17079690238267,0.00828795303254438,0.00373278014053254
"322",0.0953966052185243,0.05754803389728,0.334608294822958,6712232,17.1995966842974,-2.1229936642246,0.00852105676775148,0.00440458579882657
"323",0.105714274129337,0.0456931900302592,0.267286445343325,6730449,6.08454129683439,0.0313338524833941,0.0104513524236272,0.00135534084811447
"324",0.0576520560473718,0.0677321968771296,0.113506062178212,6781088,30.9524513557848,-2.2804991459921,0.00656715734529887,0.00854387491128866
"325",0.0971947186459612,0.0575785695392637,0.0837615836855922,6785662,8.86859711064827,-0.870432941372014,0.00639104308390023,0.0022468253968254
"326",0.0982822897265183,0.0553807712913555,0.210393935490955,6792706,14.8319054261664,-0.461567737973337,0.00659373614320054,0.00621391397698896
"327",0.08683929766646,0.0588839001921087,0.330883399076879,6806119,13.655029754977,-1.90804736008076,0.0026138184560279,0.00555943067208088
"328",0.098592188742259,0.0486559055803493,0.182716472353666,6868620,6.42001318023205,0.280101072514526,0.0174517469279649,0.00180467288755547
"329",0.0589627017535981,0.0778227465964434,0.205004847314698,6892988,6.53649586246474,-0.615121256473504,0.00648809523809524,0.00168990929708215
"330",0.0888158545199409,0.0595188279023748,0.0969433055631101,6902621,7.38791615434903,0.418775766528206,0.00535770975056689,0.00604138131521274
"331",0.0813410481132619,0.0602375901711368,0.221042006750427,6922964,21.9665760643614,-0.274259726267128,0.00571988258136095,0.00136383598372781
"332",0.0605353554104329,0.0928785986769797,0.0772704578275781,6941794,45.161734535745,-4.94764375579875,0.0028111577568007,0.0127123929238759
"333",0.0878706989027739,0.0601648236087556,0.28742333391329,6952138,13.0978756395084,-1.37857181334348,0.000646825396825397,0.0180318594104308
"334",0.105505157141961,0.0557940827902849,0.261352797504514,6974201,5.62364237144226,-0.472605527137467,0.00354925025148929,0.012734836316588
"335",0.0993816279268484,0.0661258112799261,0.0874013549276983,6988650,19.8038461077469,-1.87441247782328,0.0050542603094588,0.00690167798548391
"336",0.101646277597114,0.0526981666706977,0.152546311653214,6997264,11.0329706429819,-0.411214879425071,0.00368550024504656,0.0112378351886858
"337",0.0824975986092119,0.0750435040486931,0.199379955327774,7019831,25.0074951320075,-4.02891518540018,0.0043781179138322,0.0033156462585034
"338",0.0813761891719408,0.0636414328157636,0.328768894894872,7054951,6.72599395637714,-0.670180061136526,0.00694636981026395,0.00257555119141303
"339",0.0668237543195229,0.0917227060632864,0.214929632311444,7134763,21.9139585139245,-1.69902530080425,0.00954645829794462,0.00347108641316217
"340",0.0848093810350283,0.0488460222589423,0.276851276647899,7178641,16.4468498684064,-1.19182687004863,0.0037398298816568,0.0078163137943787
"341",0.0598445251757242,0.080402332240778,0.141484414051121,7182586,7.6726380908169,-0.730007155399182,0.0035843185313341,0.00799896674357017
"342",0.0991602653660239,0.0532859420435466,0.188280339841604,7194150,80.3893420133814,7.92508083905727,0.00653931180315264,0.00224144559784698
"343",0.0564584761687649,0.0666458108169311,0.757338891851325,7251642,0.971933386225567,1.08275885397726,0.0103105153180673,2.31139133254463e-07
"344",0.0764118619524855,0.0533244325498798,0.288236993929927,7283365,23.153331240863,-2.53334817531278,0.00755396858736493,0.00444397768909426
"345",0.0461414681680622,0.124136341502827,0.390812028414983,7299100,30.1702431282356,-4.68480914382154,0.0100442176870748,0.0219085034013605
"346",0.158715827485747,0.0362817417849711,0.0341567050437751,7301714,6.62915508949509,0.00566595534899382,0.00509802444057933,0.00482137807523915
"347",0.0934112787434262,0.0404473791211482,0.231114040147249,7316952,7.41247524042371,0.0259672708922553,0.0100194450031006,0.0197227627572729
"348",0.082372835481739,0.0661642685065597,0.287663235142778,7326643,23.3475024966193,-0.589946219967094,0.0031038666697191,0.00280957395664019
"349",0.0787154169205427,0.0466316164781155,0.243136119538873,7381192,7.04274294703456,0.405557771912321,0.0105680797883957,0.00985985085785232
"350",0.0665191058839472,0.0630283366803071,0.267004979559435,7382819,98.3723761350977,-1.38724053388469,0.00595283446712018,0.00781065759637188
"351",0.130368746194144,0.0402237000542867,0.198379519368431,7390693,7.62354478134722,0.675045566754976,0.0126124516553488,0.00650192743767172
"352",0.0603024749034583,0.0991448987744072,0.459974392415708,7402387,23.3366230964596,-2.4465650805224,0.00691524919301298,0.00300920308600994
"353",0.0676683505903561,0.0636679542847836,0.0751755641879562,7417907,14.4161462313804,-1.2351881994559,0.00149151672151042,0.0024104413171836
"354",0.093345352729956,0.053664451786312,0.276964919132447,7458977,12.8822095726286,-0.77919818675563,0.000855052314072957,0.00891330474125743
"355",0.0831730925992635,0.0429205118478901,0.357829085444239,7465112,29.4749092727184,-3.22790597412135,0.00684343566618657,0.0356721277042638
"356",0.0697855899865244,0.0709004584856134,0.646830268429643,7481815,8.13879430896926,-0.40411169381175,0.000489249271137026,0.00202558421493045
"357",0.0856450040446601,0.0570061892370159,0.258239027139087,7483858,38.4453310720907,2.76155938396046,0.00930338621769707,0.00054875283446712
"358",0.0621321354503382,0.0772569037842076,0.31307229964958,7518064,8.35650090305148,-0.86010510474777,0.00297675736961451,0.00443117913833199
"359",0.0941010975510743,0.0723359332581998,0.203715332113395,7563876,11.9491000427992,-0.297962943852294,0.0033806460474806,0.00685332295506055
"360",0.0960519990818819,0.0571402334580071,0.34774796397504,7614955,6.62460891007963,-0.804303010727146,0.00182796320266272,0.0153664651997241
"361",0.113791558654261,0.0474913153846475,0.2610923680516,7617026,8.52163397505849,-0.454831793499792,0.0158565607256336,0.0140319727891256
"362",0.0860693072327561,0.062099893813406,0.252639933473892,7653286,6.53522857510766,-1.92867640336085,0.00853238258136095,0.00490061020715059
"363",0.0879585156649279,0.0513092247993373,0.200694620441498,7654137,14.9352039159697,-0.404401966404043,0.00671390306998466,0.0072047343238479
"364",0.0884053242387166,0.0679750283451982,0.355780129579146,7681393,21.3474337187752,-2.31580861041061,0.00369565715070626,0.00998580618575582
"365",0.093018357979094,0.0575300517056795,0.263596961781186,7721434,14.6569475218403,0.185496383903112,0.00582284354550863,0.00231564544914742
"366",0.0975018421097388,0.0405056113877121,0.292196414255233,7742146,6.78790178135302,-0.162982092724277,0.0082944049260555,0.00916870743345195
"367",0.116133206335117,0.0489462391720615,0.277827013104403,7763441,20.5451413786348,-2.78791526177746,0.00275577482200499,0.00686328151829026
"368",0.050769089479031,0.0922216573200689,0.474097744891925,7765450,10.5698519079047,-0.638706469170258,0.004267530505254,0.0275387468235617
"369",0.0885663758012963,0.0651236300621287,0.188602293910222,7775781,7.29208579786953,0.282010122751859,0.00547915569698496,0.00563837824227636
"370",0.0955574452277603,0.0516650511578754,0.150785124270145,7797469,5.28345208841174,-0.367259343924614,0.00405232988165681,0.010441475591736
"371",0.0466786583751246,0.0928497074138743,0.811400699188636,7824373,21.6872024333342,-0.398803374820015,0.00758524077099506,0.0106772108843537
"372",0.0696663475727262,0.0686128694204934,0.117920086623112,7849736,27.8671531349005,-5.40793281057149,0.00633219954648526,0.00242097505668934
"373",0.0585453739081696,0.0893606172531005,0.0750316934150135,7885692,15.965106156933,-1.54555477068142,0.00224319727891156,0.00741485260770975
"374",0.0774440673106056,0.064052378784656,0.256617815445245,7893314,14.2399496217785,-1.25929218225907,0.00584361621757744,0.00512076188731943
"375",0.103425820362089,0.0555958261993661,0.220361750969848,7992082,21.3066331284083,-1.24478754419833,0.00739025414828818,0.00883906275525683
"376",0.0712237404160335,0.0530124709547196,0.202244894759563,8020569,12.8833752350699,-0.218747514019555,0.00742629387269483,0.00235764425936942
"377",0.0951909885498934,0.0440302726429103,0.214708938567641,8022486,2.93139412463516,-0.540199449053956,0.00614644970414201,0.0025598650148529
"378",0.0812204143797702,0.0671972518070542,0.254432065142342,8045074,4.52728177878127,-1.65782465089261,0.00598361224112426,0.000594948076983077
"379",0.0951264793204084,0.0464496452667473,0.400308694211377,8051965,11.2430720288003,0.0128079589034715,0.00476557313248323,0.00234026044276543
"380",0.108503038431988,0.0508901534363256,0.193860133368427,8110847,7.01707380285223,-0.190623070049542,0.00180797684893463,0.00882541016128397
"381",0.0622622087554642,0.0751383831957951,0.442082672633344,8123788,33.7522525133408,-5.5687161861258,0.00784421768707483,0.00659546485260771
"382",0.441844580240361,0.183304342102632,0.090409622760117,8129202,11.5485537168767,-4.57905459041432,0.027222652892622,0.0336446670406497
"383",0.0776246218213931,0.0669733015743201,0.304130256046947,8150893,3.87656447563832,-1.25149008710774,0.00389872026739314,0.000681875414990134
"384",0.0884218052875808,0.0524795391780416,0.246965440081499,8161844,14.9043284083576,0.207815237765748,0.0018648298816568,0.00325721153846154
"385",0.109792367063076,0.0497374640759728,0.261558131178033,8166143,12.7862106605243,-1.17692837497325,0.00512465830898294,0.0034853661985107
"386",0.0938971020632493,0.0510379967589921,0.232584730548851,8213175,5.93306150553003,-1.14761275515458,0.00427699596256622,0.00357417909405787
"387",0.0704685586425393,0.0884147029169901,0.129801746811132,8227752,14.4157486204949,-1.37425765942804,0.00945170068027211,0.00173469387755102
"388",0.107816964157358,0.04997879414092,0.35813676626348,8323955,17.2961852562101,-0.451112646003596,0.00586115407495538,0.00595764425936942
"389",0.0616845460970244,0.0729953568125463,0.376232637307671,8326348,16.8120788456872,-0.313593394868076,0.000832856390650397,0.00526052517112703
"390",0.0957935478763669,0.0481672648205812,0.2385556236387,8351410,0.0827004156075903,0.630837847785405,0.00475117743175702,0.000723153479510987
"391",0.0804821200251837,0.0531153139215688,0.0417718557344227,8355082,11.7549192972488,0.13934045821655,0.00974054641272189,0.0224466068786982
"392",0.0566655385006942,0.0675606077459204,0.088549789718002,8392125,18.1269444517648,-1.37112204421546,0.00472777777777778,0.00460804988662132
"393",0.0980352597268813,0.0519831566565339,0.0880094995898232,8410258,13.2660981943268,-0.651553667244559,0.00106462585034014,0.0115006802721088
"394",0.0614032691135515,0.100595966180778,0.22541096711212,8412444,16.4977222779596,-0.703045042429198,0.0108134920634921,0.00179614512471655
"395",0.0559824680643595,0.0868955841707772,0.264317151085782,8414700,14.446085551496,-1.25717604770191,0.00691960983727811,0.0058360299556213
"396",0.0737845447213561,0.0668738499048843,0.15212472643344,8420023,18.8912287746467,-0.89176923649323,0.00400471523668639,0.00454500277366864
"397",0.0926802681367572,0.0413005228619382,0.200595784189684,8427057,4.3614110473123,0.163532127972095,0.00894384933137296,0.0112443658988941
"398",0.0543536594864905,0.0946128523897429,0.234287055066269,8427584,70.2592288325727,-6.30885649546683,0.0060327664399093,0.00824183673469388
"399",0.0434842179602944,0.0872705519005592,0.323187300554046,8448220,30.964963447332,-2.9098920265944,0.0061421768707483,0.00319931972789116
"400",0.0870862704243324,0.0619826225580407,0.248884668762069,8449805,17.529200136258,-0.46312022612391,0.00329834481811314,0.00959936814633364
"401",0.101250436450598,0.0512434855632051,0.275694858894107,8458620,4.36446275373758,0.943717631046725,0.00162302504142454,0.00502520478895989
"402",0.0664938089544592,0.0821703076837103,0.264939616145066,8459210,23.3046254116576,-2.83206051485836,0.00356682230029586,0.0477447762573965
"403",0.058091865528584,0.0626653767461188,0.257113822872373,8477583,8.44810720303242,-1.67136299676963,0.00229266826923077,0.00896611213020751
"404",0.104609360811115,0.0619915820266854,0.211113341682708,8484362,9.14740522858133,-0.607301741809089,0.00524285714285714,0.0134388888888989
"405",0.0850401001867641,0.0568174392323353,0.456628981560839,8490116,16.1069926416127,-1.18704260613503,0.00290893065634944,0.00578935921796662
"406",0.0901415282792492,0.0579935495715736,0.195347102695599,8505916,13.6444157647286,-1.32182308852101,0.0016242105759261,0.00379842586484175
"407",0.0568242419934343,0.103091502057957,0.203633359408041,8510925,15.9630772788724,-2.02861083187022,0.00423902841052174,0.00444060346603786
"408",0.0408876577932794,0.118484961778256,0.92132947842333,8541211,29.4519521377132,-3.17557421078523,0.00353158766832365,0.00146561179957525
"409",0.0974657516861711,0.0620906499016837,0.0515408427731984,8547664,10.5901939130673,-0.835084842297537,0.00358774538964902,0.00122070196311719
"410",0.107871543091514,0.0475221291253998,0.18006513893368,8550695,25.9368815051061,-0.395615098023776,0.0052702947845805,0.00795385487528345
"411",0.11668115145054,0.0444137248637336,0.162850707494537,8562917,12.5262418927207,0.980028191192056,0.00585907029478458,0.0118808390022876
"412",0.0852942708114432,0.0558478131331714,0.0723161250876518,8569306,13.6784138120677,-0.534813406482032,0.00441851148096426,0.0128196469861038
"413",0.126370574727933,0.0397711812928512,0.267090679918301,8622263,11.9097913687841,0.110619598225709,0.0110923836281379,0.00883219954648526
"414",0.0890026070623054,0.0623218384717982,0.188764266655776,8635040,12.2213283173798,-0.82284863386233,0.00523231292517007,0.00113945578231292
"415",0.106465342296319,0.0601833580646935,0.147614141220851,8664398,12.3808295094268,-1.32001125895095,0.00725910578970262,0.00867768595041322
"416",0.0763910509616095,0.0649232853743349,0.234766617304981,8685512,13.0161352026865,0.627659124933012,0.0028205898668639,0.00412779678255438
"417",0.0663375477381155,0.0874024563371913,0.356840955854557,8693013,29.7399733787057,-2.46307231704346,0.00276779377761498,0.00554817884205948
"418",0.103564508692115,0.0483657411469402,0.163051082200094,8707616,12.9852759020525,-1.24761294539942,0.00800359424005861,0.0461835809619743
"419",0.0762546948903927,0.0548238289050113,0.411068776127898,8713822,14.1448733746677,-1.93901872374658,0.00329937688160751,0.0143258885854979
"420",0.105233504773004,0.0409095483434047,0.0546513529533556,8730037,13.763516385542,-0.176580141893288,0.00223038548752834,0.0122842403628118
"421",0.0547177591657321,0.0917911809563158,0.531774540377434,8731289,18.0783372973565,-1.55687971451291,0.00501976238905326,0.00797395062869822
"422",0.066836084060782,0.0730544414152164,0.240560983930686,8784707,16.2874274722252,-0.492661068932002,0.00236235827664399,0.00427290249433107
"423",0.0779718929739212,0.0750474537999215,0.228943776612881,8794585,2.8699613127477,-0.486179858526752,0.00393479567307692,0.000400795118403195
"424",0.100942906844894,0.0599746750013195,0.218643522054492,8800168,3.76643591520621,0.109558274437826,0.00263105584319527,0.0107231185281665
"425",0.116865138526446,0.0433278596834157,0.0888740154796067,8821454,1.91135439920365,0.164735380449861,0.00489439660202105,0.00274743288298442
"426",0.0791467995595311,0.0579347985058225,0.212416989169096,8827301,10.1390085263525,-2.87233982529879,0.00364668084319527,0.000212994637623965
"427",0.0515663601597499,0.0873221801493321,0.254247754184887,8836147,15.1319016720961,-1.25088368121116,0.0112528344671202,0.00105351473922902
"428",0.0645618178274036,0.0785788823258185,0.0219747093952843,8838887,12.6893561912526,-0.560127671347908,0.00704998949800462,0.00367418142780462
"429",0.0941966680142182,0.0587149683367136,0.184644434462527,8844165,10.0108867044864,0.287324886047238,0.00383817954881657,0.0109134596153946
"430",0.0768194060262413,0.0630703025294956,0.35413331996471,8867554,14.6302867930428,-1.266421919595,0.00117097505668934,0.00584795918367347
"431",0.0538807187370392,0.088334228404401,0.493537585504457,8903634,7.35485077324011,-0.92682745159204,0.00915064047024733,0.026385248474195
"432",0.0520066681531361,0.103845082857831,0.151925456675073,8914637,26.3739433767001,-1.98319496917282,0.0250611111111111,0.00700351473922903
"433",0.0896841381767306,0.0657119331313843,0.136913579479462,8919757,18.8086669777793,-0.490835139695229,0.00513463849852071,0.0029776488535503
"434",0.111324359680818,0.0463981574820326,0.0869446224858044,8951980,5.70824176197635,-0.220565796210947,0.00548758783284024,0.0154289931213218
"435",0.086170425245965,0.0540659778670276,0.364596114877843,8957011,7.89253715817216,-0.736102106938239,0.00238794891130172,0.00555059383543275
"436",0.0563548097852618,0.093948261781049,0.637413317993202,8980203,19.0554696118055,-1.93888897131681,0.004609410430839,0.00230510204081633
"437",0.0745681250204903,0.0663667264995589,0.386140852525917,8996487,26.2003494084079,-1.95560035409321,0.00188805935650887,0.0100969628328402
"438",0.08871706633001,0.055499240414042,0.209254815885036,9003286,11.9239218817099,0.509435451377583,0.0136925117687175,0.00181859410431839
"439",0.100575997373708,0.0537687412425223,0.069173030615075,9026542,17.0426408532994,-0.506295354978729,0.00301675651707158,0.00735513080818689
"440",0.119590535051581,0.0457683337108188,0.0626454269608266,9060666,8.60478033802958,-0.710861778428345,0.00520340236686391,0.0273633968195366
"441",0.0934199982140282,0.0489646675806842,0.191101493501525,9080059,13.9433947289809,1.10135900120284,0.00511775957841236,0.00767115654586799
"442",0.0974856771642492,0.0568042058524787,0.161385796867005,9084609,7.19617738689528,-0.080782001484164,0.00771946653106509,0.00705390162721894
"443",0.100872741253371,0.0500695854617396,0.188508405732906,9097616,15.9119374537555,-0.397791553129331,0.0116546035269439,0.0116718939584716
"444",0.0681781955452605,0.0752307773649263,0.175312098656934,9098448,13.6875842040449,-0.569745775568658,0.00641496598639456,0.00239863945578231
"445",0.0659553012452645,0.070699279238146,0.135734490961893,9121605,6.64795453219672,-0.517784446123009,0.00767800882167612,0.00288979906184175
"446",0.0520330384052444,0.102272603640509,0.724399627770996,9226837,21.8073127574548,-3.286616260019,0.00506861303647693,0.00637366099558916
"447",0.0803405898907175,0.066415745640235,0.30485656678453,9234627,17.8848033432748,-2.38150070123374,0.00165140450081271,0.0101494929145395
"448",0.116523720569276,0.0424964919740024,0.195342457763714,9236053,1.65725156270229,0.208448866451813,0.00216082756632065,0.000755358516025403
"449",0.0686741772604366,0.0750375352736191,0.308911330989555,9240834,14.4228287885898,-0.018685374479792,0.00466518623657883,0.00489732377921751
"450",0.0578358080635238,0.079380486250874,0.128399508957612,9268095,25.5317810153126,-0.0595741533936705,0.000689201254550033,0.00701735308257595
"451",0.0616867241478977,0.0711550316982142,0.32791163800127,9299320,21.5597882883248,-0.568925518410736,0.00144937158032096,0.00331551475469884
"452",0.0949978298262656,0.0504963170181402,0.195474273407195,9306877,8.16526620460513,0.0274422902555521,0.00702032920491747,0.0224970801538526
"453",0.101945174575567,0.0589860311552065,0.261901319068751,9308906,4.64700056472964,-1.3449867091039,0.0029022491349481,0.00557261434068821
"454",0.113550233579523,0.0519562235698752,0.179517767701909,9316069,14.1948308788299,0.174594523720571,0.00392106631023985,0.00273594713002153
"455",0.118956400615931,0.0482296582277126,0.188307068941255,9338088,8.97917124631624,-0.279001174772006,0.00516779854839086,0.00591950803986091
"456",0.0538933536456898,0.0888688937190717,0.225244269248168,9345361,37.7175949017212,-3.19233513055155,0.0100763038548753,0.0137981859410431
"457",0.0506474919261989,0.0869456092617297,0.119471916987034,9352821,33.2184955240475,-2.05461176862888,0.00610603267594253,0.0152821898436908
"458",0.0648771102772703,0.0732030688977307,0.273955170452538,9353991,10.4825180707986,-0.748981577183055,0.000815538285607599,0.00380207239375481
"459",0.0819921146155611,0.0620761945668268,0.2652977389942,9364240,13.8090784641338,-1.69037572898074,0.00338105753597515,0.00508796622097115
"460",0.0963045617210124,0.0526453862057772,0.272621268856899,9376764,15.9692381299536,-2.27803958370106,0.0107443188578227,0.00571671526473338
"461",0.0544054741384993,0.0908571969095342,0.424082734733913,9387395,20.0612448674964,-2.16660400560577,0.00355406240699618,0.0143850873377441
"462",0.0873270598575604,0.0749546408707319,0.454281377124336,9405695,25.6198513636247,-3.73855623460428,0.00345482017353083,0.00743194981799867
"463",0.0971449412861335,0.0567386348630633,0.362577876069885,9417389,11.7849902848973,-0.0524705853020118,0.00458120376204812,0.0104811080772013
"464",0.0912022081696563,0.0496874205410384,0.148157593058797,9428561,3.43248407124659,0.778062988687068,0.0062546485260771,0.022156533106626
"465",0.117484855500444,0.0478138208508688,0.18603404548146,9431680,11.7700146024763,-0.694231995752275,0.00291967140423347,0.00705150645289272
"466",0.0757888612623485,0.0780732498336159,0.205325254489804,9438343,22.2885957071775,0.150349872560602,0.00347375573297095,0.00374918100414958
"467",0.0675798025794125,0.09056068257951,0.451514346173044,9447134,16.9000324186048,0.288695924265428,0.00496497332936517,0.00319486733362331
"468",0.0722251050907068,0.060190936563589,0.116774943554593,9451631,12.1101612312911,0.212611012537985,0.0074106590966324,0.00399384171607793
"469",0.0858059323442871,0.0517052698621014,0.174261399595153,9456393,7.28192952195297,-0.495989031345048,0.0085653198964497,0.00478342270712059
"470",0.0668084631778866,0.0607120357735572,0.143891837201663,9470938,13.5118847020902,-0.743907784192678,0.00435486824935327,0.00369542821821845
"471",0.092009386651378,0.0580388751107676,0.237242118408933,9513204,13.0891699373239,-0.195670624625924,0.00315675369968894,0.00980016966726364
"472",0.0888782514916133,0.0547892015475807,0.0226284453581253,9556892,23.2500337778118,-0.183757536006385,0.00282857535312836,0.00168036446052059
"473",0.0830921200022022,0.0738791933168113,0.287682498238672,9557014,24.4876855872493,-3.37120095292426,0.00583663377669925,0.00430404523705959
"474",0.063261966752588,0.0636298779728851,0.269153967514156,9586173,9.75887584298001,-1.17729921998829,0.00627103365384615,0.0188155279216076
"475",0.0778893318856472,0.068015221112117,0.194772167275605,9621772,31.8044324854758,-4.45309504156521,0.0046545408758957,0.00382637760124539
"476",0.0548301778449025,0.0761499928083409,0.0623911581609099,9646899,8.0467737901714,-0.265962223337558,0.0165944003113482,0.00376021515534069
"477",0.0903570235624509,0.0574493049211931,0.232298102482898,9648187,10.3684608884268,-0.346786074549084,0.00202441077441077,0.0129644934190389
"478",0.103189737131046,0.0666912253381501,0.240460917746634,9657746,11.0823147452878,-0.862208820134401,0.00614319727891156,0.00338877551020408
"479",0.124387082004167,0.0528242987983351,0.254102645955032,9658161,13.5795954989302,-1.70763655008069,0.00999509906882308,0.00679805829775324
"480",0.0796808266550034,0.0697370928081462,0.204165736254186,9666023,10.3782006196661,-1.01291695978431,0.00159371351388476,0.00731404958678686
"481",0.0783929592543501,0.0773519723668398,0.246563984155808,9668251,12.827573747018,-0.537025682309404,0.00815377395206154,0.00132563357066001
"482",0.0484471132808047,0.0887224834586226,0.185111039623694,9682062,14.2134222667664,-4.19223544811696,0.00379229899142238,0.000476717881094396
"483",0.0583670727534038,0.0894352368588314,0.287179254367762,9707479,17.4992102160548,-2.09555449866566,0.00823208616780046,0.00405226757369614
"484",0.0827625037032956,0.0717304135831602,0.305592501334985,9715497,22.1235928113595,-1.17900346249062,0.0153378097263314,0.00285364275147929
"485",0.0605724562831303,0.0825389310559459,0.23389628885297,9727907,14.3368733228849,-1.87857533456836,0.00135521726835705,0.0209845414270902
"486",0.0489525282628414,0.0991325964701216,0.166286671117712,9742314,21.9942309799781,-3.61689222745121,0.00446950113378685,0.0027672335600907
"487",0.0614400029976744,0.0675454953789851,0.121406994309869,9777488,11.9014843914461,0.70471600316566,0.0201210955183341,0.00184175531916894
"488",0.0851179846564139,0.0494782374459779,0.249069525018594,9822359,8.39925916222027,-1.65771492008349,0.00862310925172068,0.00426530612247898
"489",0.0902472274829637,0.0486317732048885,0.325043878335401,9861494,5.76276388694669,0.275999564622894,0.00171434630973701,0.0101453954190139
"490",0.0792618288524906,0.0669063445601796,0.419183457634193,9868631,16.5552299894105,-3.35967238946752,0.00288785133136095,0.000647304918649054
"491",0.0881747202555501,0.0633326921214693,0.134627347416737,9877241,13.2330080201748,0.374977296919989,0.0073321874704242,0.0154584537352171
"492",0.0754280547275842,0.0718532597708797,0.345428806048312,9895108,12.4768611689914,-0.529876887241216,0.00322554548816568,0.00606578217455621
"493",0.140189743107381,0.0486882700304451,0.383737601523737,9895586,10.1439938673598,-1.48845109066496,0.00794942705780765,0.00872143944084709
"494",0.0591487695527065,0.0689811631078927,0.213838494661933,9903181,10.9149616023808,0.233156398669076,0.00445116031804734,0.00170765532545379
"495",0.101980011541578,0.0588032836460282,0.350026160700804,9936253,12.7807378486528,-0.358603494231569,0.0135940060543586,0.00653556466198118
"496",0.081098061020983,0.0579039487608699,0.344967636871954,9949883,60.1911748172504,-2.12665143808913,0.00366124260355029,0.00846905048076923
"497",0.143684661455257,0.0509556410161063,0.270478897131624,9954516,8.95219230992636,-0.435911382584554,0.00685421472510573,0.0185772299115825
